order,Percentage PGC/all,number of bacteria in the order with PGC,number of bacteria in
Chromatiales,26.0,13,50
Rhodobacterales,17.91044776119403,60,335
Sphingomonadales,17.00404858299595,42,247
Rhodospirillales,10.778443113772456,18,167
Hyphomicrobiales,8.472906403940888,86,1015
Caulobacterales,6.557377049180328,4,61
Nitrosomonadales,2.2222222222222223,1,45
Burkholderiales,1.4167073766487541,29,2047
