order,Percentage PGC/all,number of bacteria in the order with PGC,number of bacteria in
Chromatiales,28.26086956521739,13,46
Rhodobacterales,26.811594202898554,37,138
Sphingomonadales,22.88135593220339,27,118
Hyphomicrobiales,15.957446808510639,45,282
Rhodospirillales,15.151515151515152,15,99
Caulobacterales,7.6923076923076925,2,26
Burkholderiales,4.827586206896552,14,290
Nitrosomonadales,2.380952380952381,1,42
